Workbook

Sheet START HERE
A1: Credit Card Optimization System
A2: Captain Kap · Know what you have. Know what you're missing. Know what to get next.
A4: HOW TO USE THIS WORKBOOK
A5: 1. MY CARDS | B5: List every card you hold. Pick the card from the dropdown — fee auto-fills from the database.
A6: 2. BENEFITS TRACKER | B6: List each card's credits and log what you've used. Remaining value calculates automatically.
A7: 3. WELCOME BONUSES | B7: Track each active offer: spend so far, deadline, and your suggested daily pace update live.
A8: 4. MY SPENDING | B8: Map your monthly categories to the best card in your wallet.
A9: 5. CARD COMPARISON | B9: Pick up to three cards from the dropdowns for a side-by-side pull from the database.
A10: 6. CARD ROADMAP | B10: Plan which cards to pursue, in order, with target dates and status.
A11: 7. ANNUAL FEE REVIEW | B11: Each card's fee vs. value used → a KEEP / REVIEW signal.
A12: 8. DASHBOARD | B12: Your whole strategy at a glance — totals update from the other tabs.
A14: LEGEND
A15: Blue text | B15: Your inputs — type over these
A16: Black text | B16: Formulas — leave these alone
A17: Yellow cells | B17: Key cells to fill in
A19: IMPORTANT
A20: Card data | B20: Fees/benefits from the Captain Kap toolkit card table, last verified 2026-01. Offers and terms change — verify with each issuer before applying.
A21: Military fee waivers | B21: Many issuers waive annual fees under SCRA/MLA for eligible active-duty members (often spouses). Eligibility varies — confirm with the issuer.
A22: Responsible use | B22: Rewards only have value when you pay in full and never spend beyond your normal budget to chase a bonus.
A23: Not advice | B23: Educational tracking tool — not financial advice, and no card is a recommendation or endorsement.

Sheet MY CARDS
A1: My Cards
A2: Pick a card from the dropdown; Annual Fee auto-fills from the database (or type your own for custom cards). Blue = your inputs.
A4: Card | B4: Issuer | C4: Date Opened | D4: Annual Fee | E4: Credit Limit | F4: Current Balance | G4: Renewal Date | H4: Notes
A5: AMEX Gold | B5: American Express | C5: 45731 | D5: =IFERROR(INDEX('CARD DATABASE'!$C$5:$C$16,MATCH(A5,'CARD DATABASE'!$A$5:$A$16,0)),"") -> 325 | E5: 15000 | F5: 0 | G5: 46096 | H5: Example row — replace with your card
D6: =IFERROR(INDEX('CARD DATABASE'!$C$5:$C$16,MATCH(A6,'CARD DATABASE'!$A$5:$A$16,0)),"")
D7: =IFERROR(INDEX('CARD DATABASE'!$C$5:$C$16,MATCH(A7,'CARD DATABASE'!$A$5:$A$16,0)),"")
D8: =IFERROR(INDEX('CARD DATABASE'!$C$5:$C$16,MATCH(A8,'CARD DATABASE'!$A$5:$A$16,0)),"")
D9: =IFERROR(INDEX('CARD DATABASE'!$C$5:$C$16,MATCH(A9,'CARD DATABASE'!$A$5:$A$16,0)),"")
D10: =IFERROR(INDEX('CARD DATABASE'!$C$5:$C$16,MATCH(A10,'CARD DATABASE'!$A$5:$A$16,0)),"")
D11: =IFERROR(INDEX('CARD DATABASE'!$C$5:$C$16,MATCH(A11,'CARD DATABASE'!$A$5:$A$16,0)),"")
D12: =IFERROR(INDEX('CARD DATABASE'!$C$5:$C$16,MATCH(A12,'CARD DATABASE'!$A$5:$A$16,0)),"")
D13: =IFERROR(INDEX('CARD DATABASE'!$C$5:$C$16,MATCH(A13,'CARD DATABASE'!$A$5:$A$16,0)),"")
D14: =IFERROR(INDEX('CARD DATABASE'!$C$5:$C$16,MATCH(A14,'CARD DATABASE'!$A$5:$A$16,0)),"")
C16: Total fees: | D16: =SUM(D5:D14) -> 325

Sheet BENEFITS TRACKER
A1: Benefits Tracker
A2: One row per credit/benefit. Estimated values are assumptions — value depends on whether you'd genuinely use the benefit.
A4: Card | B4: Benefit / Credit | C4: Est. Annual Value | D4: Used ($) | E4: Remaining | F4: Notes
A5: AMEX Gold | B5: Uber Cash ($10/mo) | C5: 120 | D5: 40 | E5: =IF(C5="","",MAX(0,C5-IF(D5="",0,D5))) -> 80 | F5: Example row — replace
E6: =IF(C6="","",MAX(0,C6-IF(D6="",0,D6)))
E7: =IF(C7="","",MAX(0,C7-IF(D7="",0,D7)))
E8: =IF(C8="","",MAX(0,C8-IF(D8="",0,D8)))
E9: =IF(C9="","",MAX(0,C9-IF(D9="",0,D9)))
E10: =IF(C10="","",MAX(0,C10-IF(D10="",0,D10)))
E11: =IF(C11="","",MAX(0,C11-IF(D11="",0,D11)))
E12: =IF(C12="","",MAX(0,C12-IF(D12="",0,D12)))
E13: =IF(C13="","",MAX(0,C13-IF(D13="",0,D13)))
E14: =IF(C14="","",MAX(0,C14-IF(D14="",0,D14)))
E15: =IF(C15="","",MAX(0,C15-IF(D15="",0,D15)))
E16: =IF(C16="","",MAX(0,C16-IF(D16="",0,D16)))
E17: =IF(C17="","",MAX(0,C17-IF(D17="",0,D17)))
... E24: =IF(C24="","",MAX(0,C24-IF(D24="",0,D24)))
B25: Totals: | C25: =SUM(C5:C24) -> 120 | D25: =SUM(D5:D24) -> 40 | E25: =SUM(E5:E24) -> 80

Sheet CARD DATABASE
A1: Card Database
A2: Source: Captain Kap Military Financial Readiness Toolkit card table · Last verified: 2026-01 · Verify current terms with each issuer. Welcome offers change frequently — check the issuer for the current offer.
A4: Card | B4: Issuer | C4: Annual Fee | D4: Military Fee* | E4: Headline Benefit | F4: Credits & Benefits | G4: Est. Annual Value ($)** | H4: Military Notes | I4: Last Verified | J4: Welcome Offer
A5: AMEX Gold | B5: American Express | C5: 325 | D5: 0 | E5: Strong dining & grocery rewards | F5: $10 Uber Cash/mo; $10 Dining Credit/mo; $7 Dunkin Credit/mo | G5: 240-300 | H5: Fee typically waived under SCRA/MLA for eligible active duty | I5: 2026-01 | J5: Verify current offer with issuer
A6: AMEX Platinum | B6: American Express | C6: 895 | D6: 0 | E6: Centurion Lounge, Priority Pass, hotel elite status | F6: $15 Uber Cash/mo ($20 Dec); $20 Digital Ent./mo; $100 Resy; $75 Lululemon; $200 Airline; $200 Hotel; Global Entry/TSA; $300 Entertainment | G6: 1200-2000+ | H6: Fee typically waived under SCRA/MLA for eligible active duty | I6: 2026-01 | J6: Verify current offer with issuer
A7: AMEX Charles Schwab Platinum | B7: American Express | C7: 895 | D7: 0 | E7: Cash out MR points into Schwab brokerage | F7: Same credit set as AMEX Platinum | G7: 1200-2000+ | H7: Fee typically waived under SCRA/MLA for eligible active duty | I7: 2026-01 | J7: Verify current offer with issuer
A8: Hilton Honors Aspire | B8: American Express | C8: 550 | D8: 0 | E8: Hilton Diamond status | F8: $50 Hilton Credit/qtr; Free Night Reward; $200 Resort Credit | G8: 600-2000+ | H8: Fee typically waived under SCRA/MLA for eligible active duty | I8: 2026-01 | J8: Verify current offer with issuer
A9: Chase Sapphire Reserve | B9: Chase | C9: 795 | D9: 0 | E9: Priority Pass, strong travel protections | F9: $300 Travel Credit; Global Entry/TSA | G9: 500-900 | H9: Fee typically waived for eligible active duty (MLA) | I9: 2026-01 | J9: Verify current offer with issuer
A10: Chase Sapphire Preferred | B10: Chase | C10: 95 | D10: 0 | E10: Strong travel points ecosystem | F10: $50 Hotel Credit | G10: 150-300 | H10: Fee typically waived for eligible active duty (MLA) | I10: 2026-01 | J10: Verify current offer with issuer
A11: Hilton Honors Surpass | B11: American Express | C11: 150 | D11: 0 | E11: Hilton Gold status | F11: Free Night after $15k spend | G11: 200-500 | H11: Fee typically waived under SCRA/MLA for eligible active duty | I11: 2026-01 | J11: Verify current offer with issuer
A12: Marriott Bonvoy Brilliant | B12: American Express | C12: 650 | D12: 0 | E12: Marriott Platinum status | F12: $25 Dining Credit/mo; Free Night Award (85k); Global Entry/TSA | G12: 400-900 | H12: Fee typically waived under SCRA/MLA for eligible active duty | I12: 2026-01 | J12: Verify current offer with issuer
A13: Delta SkyMiles Reserve | B13: American Express | C13: 650 | D13: 0 | E13: Delta Sky Club access | F13: Companion Certificate | G13: 300-800 | H13: Fee typically waived under SCRA/MLA for eligible active duty | I13: 2026-01 | J13: Verify current offer with issuer
A14: United Club Infinite | B14: Chase | C14: 695 | D14: 0 | E14: United Club lounge membership | F14: United Club Membership | G14: 400-900 | H14: Fee typically waived for eligible active duty (MLA) | I14: 2026-01 | J14: Verify current offer with issuer
A15: Chase Freedom Unlimited | B15: Chase | C15: 0 | D15: 0 | E15: Pairs with Sapphire for transfers | F15: Cashback rewards | G15: 150-400 | H15: No annual fee | I15: 2026-01 | J15: Verify current offer with issuer
A16: Citi Double Cash | B16: Citi | C16: 0 | D16: 0 | E16: Simple flat-rate cashback | F16: 2% cashback everywhere | G16: 150-400 | H16: No annual fee | I16: 2026-01 | J16: Verify current offer with issuer
A18: * Military Fee: typical fee for eligible active-duty under SCRA/MLA per issuer policy — eligibility varies; confirm with issuer.
A19: ** Estimated value ranges assume you actually use the benefits; your value depends on your usage.

Sheet CARD COMPARISON
A1: Card Comparison
A2: Pick up to three cards — details pull from the database automatically.
B4: Card 1 | C4: Card 2 | D4: Card 3
A5: Pick card → | B5: AMEX Gold | C5: Chase Sapphire Preferred
A6: Issuer | B6: =IF(B$5="","",IFERROR(INDEX('CARD DATABASE'!$B$5:$B$16,MATCH(B$5,'CARD DATABASE'!$A$5:$A$16,0)),"")) -> American Express | C6: =IF(C$5="","",IFERROR(INDEX('CARD DATABASE'!$B$5:$B$16,MATCH(C$5,'CARD DATABASE'!$A$5:$A$16,0)),"")) -> Chase | D6: =IF(D$5="","",IFERROR(INDEX('CARD DATABASE'!$B$5:$B$16,MATCH(D$5,'CARD DATABASE'!$A$5:$A$16,0)),""))
A7: Annual Fee | B7: =IF(B$5="","",IFERROR(INDEX('CARD DATABASE'!$C$5:$C$16,MATCH(B$5,'CARD DATABASE'!$A$5:$A$16,0)),"")) -> 325 | C7: =IF(C$5="","",IFERROR(INDEX('CARD DATABASE'!$C$5:$C$16,MATCH(C$5,'CARD DATABASE'!$A$5:$A$16,0)),"")) -> 95 | D7: =IF(D$5="","",IFERROR(INDEX('CARD DATABASE'!$C$5:$C$16,MATCH(D$5,'CARD DATABASE'!$A$5:$A$16,0)),""))
A8: Military Fee | B8: =IF(B$5="","",IFERROR(INDEX('CARD DATABASE'!$D$5:$D$16,MATCH(B$5,'CARD DATABASE'!$A$5:$A$16,0)),"")) -> 0 | C8: =IF(C$5="","",IFERROR(INDEX('CARD DATABASE'!$D$5:$D$16,MATCH(C$5,'CARD DATABASE'!$A$5:$A$16,0)),"")) -> 0 | D8: =IF(D$5="","",IFERROR(INDEX('CARD DATABASE'!$D$5:$D$16,MATCH(D$5,'CARD DATABASE'!$A$5:$A$16,0)),""))
A9: Headline Benefit | B9: =IF(B$5="","",IFERROR(INDEX('CARD DATABASE'!$E$5:$E$16,MATCH(B$5,'CARD DATABASE'!$A$5:$A$16,0)),"")) -> Strong dining & grocery rewards | C9: =IF(C$5="","",IFERROR(INDEX('CARD DATABASE'!$E$5:$E$16,MATCH(C$5,'CARD DATABASE'!$A$5:$A$16,0)),"")) -> Strong travel points ecosystem | D9: =IF(D$5="","",IFERROR(INDEX('CARD DATABASE'!$E$5:$E$16,MATCH(D$5,'CARD DATABASE'!$A$5:$A$16,0)),""))
A10: Credits & Benefits | B10: =IF(B$5="","",IFERROR(INDEX('CARD DATABASE'!$F$5:$F$16,MATCH(B$5,'CARD DATABASE'!$A$5:$A$16,0)),"")) -> $10 Uber Cash/mo; $10 Dining Credit/mo; $7 Dunkin Credit/mo | C10: =IF(C$5="","",IFERROR(INDEX('CARD DATABASE'!$F$5:$F$16,MATCH(C$5,'CARD DATABASE'!$A$5:$A$16,0)),"")) -> $50 Hotel Credit | D10: =IF(D$5="","",IFERROR(INDEX('CARD DATABASE'!$F$5:$F$16,MATCH(D$5,'CARD DATABASE'!$A$5:$A$16,0)),""))
A11: Est. Annual Value | B11: =IF(B$5="","",IFERROR(INDEX('CARD DATABASE'!$G$5:$G$16,MATCH(B$5,'CARD DATABASE'!$A$5:$A$16,0)),"")) -> 240-300 | C11: =IF(C$5="","",IFERROR(INDEX('CARD DATABASE'!$G$5:$G$16,MATCH(C$5,'CARD DATABASE'!$A$5:$A$16,0)),"")) -> 150-300 | D11: =IF(D$5="","",IFERROR(INDEX('CARD DATABASE'!$G$5:$G$16,MATCH(D$5,'CARD DATABASE'!$A$5:$A$16,0)),""))
A12: Military Notes | B12: =IF(B$5="","",IFERROR(INDEX('CARD DATABASE'!$H$5:$H$16,MATCH(B$5,'CARD DATABASE'!$A$5:$A$16,0)),"")) -> Fee typically waived under SCRA/MLA for eligible active duty | C12: =IF(C$5="","",IFERROR(INDEX('CARD DATABASE'!$H$5:$H$16,MATCH(C$5,'CARD DATABASE'!$A$5:$A$16,0)),"")) -> Fee typically waived for eligible active duty (MLA) | D12: =IF(D$5="","",IFERROR(INDEX('CARD DATABASE'!$H$5:$H$16,MATCH(D$5,'CARD DATABASE'!$A$5:$A$16,0)),""))

Sheet MY SPENDING
A1: My Spending
A2: Monthly spending by category, and which of your cards earns best for each.
A4: Category | B4: Monthly Spend | C4: Best Card In My Wallet | D4: Why
A5: Groceries
A6: Dining
A7: Travel — flights
A8: Travel — hotels
A9: Gas
A10: Online shopping
A11: Everything else
A12: Total | B12: =SUM(B5:B11) -> 0

Sheet WELCOME BONUSES
A1: Welcome Bonus Tracker
A2: Never spend beyond your normal budget to hit a bonus — plan spending you were already going to do.
A4: Card | B4: Offer (from issuer) | C4: Required Spend | D4: Spend So Far | E4: Remaining | F4: Deadline | G4: Days Left | H4: Progress | I4: Suggested $/day
A5: Chase Sapphire Preferred | B5: (check current offer) | C5: 4000 | D5: 2600 | E5: =IF(C5="","",MAX(0,C5-IF(D5="",0,D5))) -> 1400 | F5: 46286 | G5: =IF(F5="","",MAX(0,F5-TODAY())) -> 42 | H5: =IF(OR(C5="",C5=0),"",MIN(1,IF(D5="",0,D5)/C5)) -> 0.65 | I5: =IF(OR(E5="",G5="",G5=0),"",E5/G5) -> 33.333333
E6: =IF(C6="","",MAX(0,C6-IF(D6="",0,D6))) | G6: =IF(F6="","",MAX(0,F6-TODAY())) | H6: =IF(OR(C6="",C6=0),"",MIN(1,IF(D6="",0,D6)/C6)) | I6: =IF(OR(E6="",G6="",G6=0),"",E6/G6)
E7: =IF(C7="","",MAX(0,C7-IF(D7="",0,D7))) | G7: =IF(F7="","",MAX(0,F7-TODAY())) | H7: =IF(OR(C7="",C7=0),"",MIN(1,IF(D7="",0,D7)/C7)) | I7: =IF(OR(E7="",G7="",G7=0),"",E7/G7)
E8: =IF(C8="","",MAX(0,C8-IF(D8="",0,D8))) | G8: =IF(F8="","",MAX(0,F8-TODAY())) | H8: =IF(OR(C8="",C8=0),"",MIN(1,IF(D8="",0,D8)/C8)) | I8: =IF(OR(E8="",G8="",G8=0),"",E8/G8)
E9: =IF(C9="","",MAX(0,C9-IF(D9="",0,D9))) | G9: =IF(F9="","",MAX(0,F9-TODAY())) | H9: =IF(OR(C9="",C9=0),"",MIN(1,IF(D9="",0,D9)/C9)) | I9: =IF(OR(E9="",G9="",G9=0),"",E9/G9)
E10: =IF(C10="","",MAX(0,C10-IF(D10="",0,D10))) | G10: =IF(F10="","",MAX(0,F10-TODAY())) | H10: =IF(OR(C10="",C10=0),"",MIN(1,IF(D10="",0,D10)/C10)) | I10: =IF(OR(E10="",G10="",G10=0),"",E10/G10)

Sheet CARD ROADMAP
A1: Card Roadmap
A2: Your planned acquisition path — order, timing, and reasoning. Space applications out responsibly.
A4: Step | B4: Card | C4: Why this card, in this order | D4: Target Apply Date | E4: Offer Spend Req. | F4: Window (days) | G4: Status
A5: 1
A6: 2
A7: 3
A8: 4
A9: 5
A10: 6

Sheet ANNUAL FEE REVIEW
A1: Annual Fee Review
A2: Fee vs. value you actually used. KEEP/REVIEW is a signal, not a decision — your personal value of each benefit is what matters. Military: before separating, consider downgrading instead of canceling.
A4: Card | B4: Annual Fee (yours) | C4: Benefits Value Used | D4: Net Value | E4: Signal
D5: =IF(OR(B5="",C5=""),"",C5-B5) | E5: =IF(D5="","",IF(D5>=0,"KEEP","REVIEW"))
D6: =IF(OR(B6="",C6=""),"",C6-B6) | E6: =IF(D6="","",IF(D6>=0,"KEEP","REVIEW"))
D7: =IF(OR(B7="",C7=""),"",C7-B7) | E7: =IF(D7="","",IF(D7>=0,"KEEP","REVIEW"))
D8: =IF(OR(B8="",C8=""),"",C8-B8) | E8: =IF(D8="","",IF(D8>=0,"KEEP","REVIEW"))
D9: =IF(OR(B9="",C9=""),"",C9-B9) | E9: =IF(D9="","",IF(D9>=0,"KEEP","REVIEW"))
D10: =IF(OR(B10="",C10=""),"",C10-B10) | E10: =IF(D10="","",IF(D10>=0,"KEEP","REVIEW"))
D11: =IF(OR(B11="",C11=""),"",C11-B11) | E11: =IF(D11="","",IF(D11>=0,"KEEP","REVIEW"))
D12: =IF(OR(B12="",C12=""),"",C12-B12) | E12: =IF(D12="","",IF(D12>=0,"KEEP","REVIEW"))

Sheet DASHBOARD
A1: Dashboard
A2: Your credit-card strategy at a glance — everything below updates from the other tabs.
A4: Cards tracked | B4: =COUNTA('MY CARDS'!A5:A14) -> 1
A5: Total annual fees | B5: ='MY CARDS'!D16 -> 325
A6: Tracked benefit value | B6: ='BENEFITS TRACKER'!C25 -> 120
A7: Benefits used | B7: ='BENEFITS TRACKER'!D25 -> 40
A8: Benefits remaining | B8: ='BENEFITS TRACKER'!E25 -> 80
A9: Active welcome offers | B9: =COUNTA('WELCOME BONUSES'!A5:A10) -> 1
A10: Welcome spend remaining | B10: =SUM('WELCOME BONUSES'!E5:E10) -> 1400
A11: Monthly tracked spending | B11: ='MY SPENDING'!B12 -> 0
A13: Rewards only count when balances are paid in full. Educational tool — not financial advice.
